INSERT INTO public.categories (category_id, name) VALUES (2, 'Пирожные');
INSERT INTO public.categories (category_id, name) VALUES (3, 'Торты');
INSERT INTO public.categories (category_id, name) VALUES (4, 'Макарон');
INSERT INTO public.categories (category_id, name) VALUES (5, 'Подарочные наборы');
INSERT INTO public.categories (category_id, name) VALUES (6, 'Вафельки');
INSERT INTO public.categories (category_id, name) VALUES (1, 'Эклеры');

INSERT INTO public.products (product_id, category_id, name, description, price, weight_grams, image_name) VALUES (4, 4, 'Макарон фисташковый', 'Хрустящее печенье с фисташковой начинкой', 95.00, 40, 'product4.jpeg');
INSERT INTO public.products (product_id, category_id, name, description, price, weight_grams, image_name) VALUES (5, 5, 'Набор "Сладкоежка"', 'Ассорти из лучших десертов', 2500.00, 1500, 'product5.jpeg');
INSERT INTO public.products (product_id, category_id, name, description, price, weight_grams, image_name) VALUES (6, 3, 'Медовик', 'Торт с медовыми коржами и сметанным кремом', 1400.00, 900, 'product1.jpeg');
INSERT INTO public.products (product_id, category_id, name, description, price, weight_grams, image_name) VALUES (7, 1, 'Эклер шоколадный', 'Шоколадный эклер с пралине', 135.00, 90, 'product2.jpeg');
INSERT INTO public.products (product_id, category_id, name, description, price, weight_grams, image_name) VALUES (8, 2, 'Чизкейк Нью-Йорк', 'Классический чизкейк на песочной основе', 220.00, 150, 'product3.jpeg');
INSERT INTO public.products (product_id, category_id, name, description, price, weight_grams, image_name) VALUES (9, 4, 'Макарон клубничный', 'Нежное печенье с клубничной начинкой', 85.00, 35, 'product4.jpeg');
INSERT INTO public.products (product_id, category_id, name, description, price, weight_grams, image_name) VALUES (10, 3, 'Муравейник', 'Торт с хрустящими коржами и сгущенкой', 1100.00, 750, 'product5.jpeg');
INSERT INTO public.products (product_id, category_id, name, description, price, weight_grams, image_name) VALUES (11, 1, 'Эклер кофейный', 'Эклер с кофейным кремом', 130.00, 80, 'product1.jpeg');
INSERT INTO public.products (product_id, category_id, name, description, price, weight_grams, image_name) VALUES (12, 2, 'Тирамису', 'Итальянский десерт с кофейным вкусом', 200.00, 130, 'product2.jpeg');
INSERT INTO public.products (product_id, category_id, name, description, price, weight_grams, image_name) VALUES (13, 4, 'Макарон ванильный', 'Классическое французское печенье', 90.00, 38, 'product3.jpeg');
INSERT INTO public.products (product_id, category_id, name, description, price, weight_grams, image_name) VALUES (14, 5, 'Набор "Гурман"', 'Эксклюзивные десерты ручной работы', 3200.00, 1800, 'product4.jpeg');
INSERT INTO public.products (product_id, category_id, name, description, price, weight_grams, image_name) VALUES (15, 3, 'Прага', 'Шоколадный торт по старинному рецепту', 1600.00, 950, 'product5.jpeg');
INSERT INTO public.products (product_id, category_id, name, description, price, weight_grams, image_name) VALUES (1, 2, 'Наполеон1', 'Классический торт с нежным кремом1', 1251.00, 801, 'product1.jpeg');
INSERT INTO public.products (product_id, category_id, name, description, price, weight_grams, image_name) VALUES (2, 1, 'Эклер ванильный 1', 'Воздушный эклер с ванильным кремом 1', 121.00, 81, 'product2.jpeg');
INSERT INTO public.products (product_id, category_id, name, description, price, weight_grams, image_name) VALUES (21, 3, 'вапрапр', 'мпрапра', 454.00, 345, 'empty.jpg');
INSERT INTO public.products (product_id, category_id, name, description, price, weight_grams, image_name) VALUES (3, 2, 'Красный бархат', 'Бархатистый бисквит с добавлением какао, прослойка из ароматной клубники, сырный мусс с белым шоколадом', 180.00, 120, 'product3.jpeg');

INSERT INTO public.customers (customer_id, name, phone, address, is_guest, created_at, verification_code, phone_verification) VALUES (5, 'Александр', '+7 (434) 534-53-45', 'Полевая 23', null, null, '898300', null);
INSERT INTO public.customers (customer_id, name, phone, address, is_guest, created_at, verification_code, phone_verification) VALUES (3, 'Александо Кочевников', '+7 (689) 689-68-96', null, null, null, '296253', null);
INSERT INTO public.customers (customer_id, name, phone, address, is_guest, created_at, verification_code, phone_verification) VALUES (4, 'Илья Матрос', '+7 (242) 342-34-23', null, null, null, '370854', null);
INSERT INTO public.customers (customer_id, name, phone, address, is_guest, created_at, verification_code, phone_verification) VALUES (7, 'Никита Степанов', '79197135138', null, null, null, '592840', null);
INSERT INTO public.customers (customer_id, name, phone, address, is_guest, created_at, verification_code, phone_verification) VALUES (6, 'Петр Гела', '+7 (743) 453-45-34', null, null, null, '584255', null);
INSERT INTO public.customers (customer_id, name, phone, address, is_guest, created_at, verification_code, phone_verification) VALUES (2, 'Иван Добрынин', '+7 (343) 242-34-23', null, null, null, '964527', null);
INSERT INTO public.customers (customer_id, name, phone, address, is_guest, created_at, verification_code, phone_verification) VALUES (1, 'Владимир', '+7 (919) 713-51-38', 'Семичи, Полевая 23а', null, '2025-06-01 17:46:29.000000', '266276', null);

INSERT INTO public.stores (store_id, name, description, address, working_hours, image_name_1, image_name_2) VALUES (1, 'ASTRA', 'Булки, кофе и десерты в самом центре города. Уютное небольшое пространство с приветливыми бариста и всегда свежими булками и десертами.', 'Тополевый переулок, 5', 'Ежедневно 08:30 – 21:00', 'astra1.jpeg', 'astra2.jpeg');
INSERT INTO public.stores (store_id, name, description, address, working_hours, image_name_1, image_name_2) VALUES (2, 'BISTRO', 'Кухня в стиле comfort food, просто и понятно, из знакомых ингредиентов в современном исполнении, в содержании - детские воспоминания, вкусовой опыт из путешествий и личных предпочтений всех членов команды. Дебют на кухне нашего шеф-кондитера Лены Ажгихиной.', 'Толмачева, 32', 'Ежедневно 9:00 – 22:00', 'bistro1.jpeg', 'bistro2.jpeg');
INSERT INTO public.stores (store_id, name, description, address, working_hours, image_name_1, image_name_2) VALUES (3, 'CGK', 'Наш новый проект–остров в холле Центра Городской Культуры. Пространство, наполненное воздухом, запахом кофе, книг и искусства.', 'Пушкина, 15', 'Ежедневно 9:00 – 21:00', 'cgk1.jpeg', 'cgk2.jpeg');

INSERT INTO public.orders (order_id, order_id_uuid, customer_id, order_date, status, delivery_type, delivery_address, delivery_date, pickup_store_id, comment, payment_method, total_amount) VALUES (2, '829725cc-f725-4211-8f72-e7155bcfee06', 5, '2025-05-23 19:07:21.000000', 'CREATED', 'DELIVERY', 'Семичи, Полевая 23', '2025-05-23', 2, 'вывыв', 'ONLINE_CREDIT_CARD', 2500.00);
INSERT INTO public.orders (order_id, order_id_uuid, customer_id, order_date, status, delivery_type, delivery_address, delivery_date, pickup_store_id, comment, payment_method, total_amount) VALUES (3, '7daca459-682e-4d76-8c75-062383fb8912', 5, '2025-05-23 20:27:34.994263', 'CREATED', 'PICKUP', null, '2025-05-24', 1, '', 'CASH_ON_DELIVERY', 1250.00);
INSERT INTO public.orders (order_id, order_id_uuid, customer_id, order_date, status, delivery_type, delivery_address, delivery_date, pickup_store_id, comment, payment_method, total_amount) VALUES (4, '9b29e489-995a-4843-973e-7470d4836d82', 5, '2025-05-23 20:32:46.796110', 'CREATED', 'PICKUP', null, '2025-05-25', 3, '', 'ONLINE_CREDIT_CARD', 660.00);
INSERT INTO public.orders (order_id, order_id_uuid, customer_id, order_date, status, delivery_type, delivery_address, delivery_date, pickup_store_id, comment, payment_method, total_amount) VALUES (5, '8e1f38fd-cac9-429b-84b8-40332a38f1ec', 5, '2025-05-23 20:40:19.253630', 'CREATED', 'DELIVERY', 'Полевая 23', null, null, '', 'CASH_ON_DELIVERY', 2800.00);
INSERT INTO public.orders (order_id, order_id_uuid, customer_id, order_date, status, delivery_type, delivery_address, delivery_date, pickup_store_id, comment, payment_method, total_amount) VALUES (6, 'fe5570a9-b3a2-4333-8fa2-7c435bd473d1', 5, '2025-05-23 20:51:41.174822', 'CREATED', 'DELIVERY', 'Полевая 23', null, null, '', 'CASH_ON_DELIVERY', 5800.00);
INSERT INTO public.orders (order_id, order_id_uuid, customer_id, order_date, status, delivery_type, delivery_address, delivery_date, pickup_store_id, comment, payment_method, total_amount) VALUES (8, 'd92375f4-c453-4f07-aca9-c88968e3a572', 3, '2025-06-02 07:25:28.514147', 'CREATED', 'DELIVERY', 'ул. Центральная, д.15', '2025-06-05', null, 'Позвонить перед доставкой', 'CARD_ON_DELIVERY', 235.97);
INSERT INTO public.orders (order_id, order_id_uuid, customer_id, order_date, status, delivery_type, delivery_address, delivery_date, pickup_store_id, comment, payment_method, total_amount) VALUES (10, '6018830d-b018-4577-b10c-dee1f95304f2', 5, '2025-06-02 07:25:28.612022', 'READY_FOR_PICKUP', 'PICKUP', null, null, 1, 'Упаковать в подарочную упаковку', 'CASH_ON_DELIVERY', 215.47);
INSERT INTO public.orders (order_id, order_id_uuid, customer_id, order_date, status, delivery_type, delivery_address, delivery_date, pickup_store_id, comment, payment_method, total_amount) VALUES (11, '609effad-98ac-46aa-a90f-0109f633c55a', 2, '2025-06-02 07:25:28.641263', 'OUT_FOR_DELIVERY', 'DELIVERY', 'пр. Ленина, д.42, кв.13', '2025-06-03', null, null, 'CARD_ON_DELIVERY', 342.96);
INSERT INTO public.orders (order_id, order_id_uuid, customer_id, order_date, status, delivery_type, delivery_address, delivery_date, pickup_store_id, comment, payment_method, total_amount) VALUES (12, '3cec8bf0-bc60-45e8-8c80-1ed88b84e769', 7, '2025-06-02 07:25:28.680494', 'COMPLETED', 'DELIVERY', 'ул. Садовая, д.7', '2025-05-30', null, 'Доставка до подъезда', 'CASH_ON_DELIVERY', 154.98);
INSERT INTO public.orders (order_id, order_id_uuid, customer_id, order_date, status, delivery_type, delivery_address, delivery_date, pickup_store_id, comment, payment_method, total_amount) VALUES (13, 'a04be890-07d0-479d-ae4c-c0c9c186aee7', 4, '2025-06-02 07:25:28.703821', 'CREATED', 'PICKUP', null, null, 3, 'Заберу после 18:00', 'ONLINE_CREDIT_CARD', 203.97);
INSERT INTO public.orders (order_id, order_id_uuid, customer_id, order_date, status, delivery_type, delivery_address, delivery_date, pickup_store_id, comment, payment_method, total_amount) VALUES (14, '75a4393e-3f54-4ea4-af9f-69fe59437289', 6, '2025-06-02 07:25:28.742642', 'IN_PROGRESS', 'DELIVERY', 'ул. Мира, д.33, кв.12', '2025-06-07', null, null, 'CARD_ON_DELIVERY', 128.49);
INSERT INTO public.orders (order_id, order_id_uuid, customer_id, order_date, status, delivery_type, delivery_address, delivery_date, pickup_store_id, comment, payment_method, total_amount) VALUES (15, 'd442205f-ef79-46f9-b694-739715e34e85', 3, '2025-06-02 07:25:28.761751', 'READY_FOR_PICKUP', 'PICKUP', null, null, 2, null, 'ONLINE_CREDIT_CARD', 276.96);
INSERT INTO public.orders (order_id, order_id_uuid, customer_id, order_date, status, delivery_type, delivery_address, delivery_date, pickup_store_id, comment, payment_method, total_amount) VALUES (16, 'e0293a53-8155-44fe-8fb9-3e27f104889a', 1, '2025-06-02 07:25:28.790953', 'OUT_FOR_DELIVERY', 'DELIVERY', 'ул. Новая, д.5', '2025-06-04', null, 'Код домофона 1458', 'CASH_ON_DELIVERY', 189.97);
INSERT INTO public.orders (order_id, order_id_uuid, customer_id, order_date, status, delivery_type, delivery_address, delivery_date, pickup_store_id, comment, payment_method, total_amount) VALUES (17, '9c85f395-e974-44c5-b567-d71943690f8d', 5, '2025-06-02 07:25:28.831310', 'COMPLETED', 'PICKUP', null, null, 1, null, 'ONLINE_CREDIT_CARD', 345.98);
INSERT INTO public.orders (order_id, order_id_uuid, customer_id, order_date, status, delivery_type, delivery_address, delivery_date, pickup_store_id, comment, payment_method, total_amount) VALUES (18, '335b6bb5-b88c-4394-89cb-a3d165fb107d', 2, '2025-06-02 07:25:28.872957', 'CREATED', 'DELIVERY', 'ул. Лесная, д.22', '2025-06-08', null, null, 'CARD_ON_DELIVERY', 102.99);
INSERT INTO public.orders (order_id, order_id_uuid, customer_id, order_date, status, delivery_type, delivery_address, delivery_date, pickup_store_id, comment, payment_method, total_amount) VALUES (19, '3fb00f0e-6d43-46a9-a95a-3c5fe0b35080', 4, '2025-06-02 07:25:28.897317', 'IN_PROGRESS', 'PICKUP', null, null, 3, null, 'CASH_ON_DELIVERY', 179.98);
INSERT INTO public.orders (order_id, order_id_uuid, customer_id, order_date, status, delivery_type, delivery_address, delivery_date, pickup_store_id, comment, payment_method, total_amount) VALUES (20, '56e09a5f-2717-4173-b74a-52be94233384', 7, '2025-06-02 07:25:28.933222', 'READY_FOR_PICKUP', 'PICKUP', null, null, 1, 'Подарочная карта внутри', 'ONLINE_CREDIT_CARD', 233.97);
INSERT INTO public.orders (order_id, order_id_uuid, customer_id, order_date, status, delivery_type, delivery_address, delivery_date, pickup_store_id, comment, payment_method, total_amount) VALUES (21, '3b6b12b5-9b3d-4bc7-a421-8d8ddf9a0332', 6, '2025-06-02 07:25:28.966212', 'OUT_FOR_DELIVERY', 'DELIVERY', 'ул. Парковая, д.17, кв.4', '2025-06-06', null, null, 'CARD_ON_DELIVERY', 311.95);
INSERT INTO public.orders (order_id, order_id_uuid, customer_id, order_date, status, delivery_type, delivery_address, delivery_date, pickup_store_id, comment, payment_method, total_amount) VALUES (22, '92a59f45-3f8b-4999-a487-13c3837a6737', 3, '2025-06-02 07:25:29.032963', 'COMPLETED', 'DELIVERY', 'пр. Победы, д.88', '2025-05-28', null, 'Оставить у консьержа', 'CASH_ON_DELIVERY', 167.98);
INSERT INTO public.orders (order_id, order_id_uuid, customer_id, order_date, status, delivery_type, delivery_address, delivery_date, pickup_store_id, comment, payment_method, total_amount) VALUES (24, '72b86e58-8a44-4bec-bc65-c6bd48dc1560', 5, '2025-06-02 07:25:29.093330', 'IN_PROGRESS', 'DELIVERY', 'ул. Школьная, д.13', '2025-06-09', null, 'После 19:00', 'CARD_ON_DELIVERY', 211.96);
INSERT INTO public.orders (order_id, order_id_uuid, customer_id, order_date, status, delivery_type, delivery_address, delivery_date, pickup_store_id, comment, payment_method, total_amount) VALUES (25, '588dc18c-02d0-454f-9b06-a64ccda95248', 2, '2025-06-02 07:25:29.127503', 'READY_FOR_PICKUP', 'PICKUP', null, null, 3, 'Заберу в обед', 'CASH_ON_DELIVERY', 156.00);
INSERT INTO public.orders (order_id, order_id_uuid, customer_id, order_date, status, delivery_type, delivery_address, delivery_date, pickup_store_id, comment, payment_method, total_amount) VALUES (26, '04fbe456-556e-410a-b4c6-5a2a626bd86b', 4, '2025-06-02 07:25:29.159595', 'OUT_FOR_DELIVERY', 'DELIVERY', 'ул. Речная, д.9, кв.7', '2025-06-05', null, null, 'CARD_ON_DELIVERY', 103.98);
INSERT INTO public.orders (order_id, order_id_uuid, customer_id, order_date, status, delivery_type, delivery_address, delivery_date, pickup_store_id, comment, payment_method, total_amount) VALUES (27, 'cd956425-64e2-49ed-aa73-3441f6b774fc', 7, '2025-06-02 07:25:29.197128', 'COMPLETED', 'PICKUP', null, null, 1, null, 'ONLINE_CREDIT_CARD', 279.96);
INSERT INTO public.orders (order_id, order_id_uuid, customer_id, order_date, status, delivery_type, delivery_address, delivery_date, pickup_store_id, comment, payment_method, total_amount) VALUES (1, '9b998c6f-1206-4056-87d4-dec449a80d37', 5, '2025-05-23 19:06:03.000000', 'IN_PROGRESS', 'PICKUP', 'Полевая 23', '2025-05-23', 1, 'аываыва', 'CASH_ON_DELIVERY', 1500.00);
INSERT INTO public.orders (order_id, order_id_uuid, customer_id, order_date, status, delivery_type, delivery_address, delivery_date, pickup_store_id, comment, payment_method, total_amount) VALUES (23, 'c2edd1a8-b57a-497e-a13f-4167bd5d077e', 1, '2025-06-02 07:25:29.071621', 'CREATED', 'PICKUP', null, null, 2, null, 'ONLINE_CREDIT_CARD', 89.99);
INSERT INTO public.orders (order_id, order_id_uuid, customer_id, order_date, status, delivery_type, delivery_address, delivery_date, pickup_store_id, comment, payment_method, total_amount) VALUES (28, '2a85c224-bb46-4560-95ff-7edb21b1c496', 1, '2025-06-04 22:16:15.636486', 'CREATED', 'DELIVERY', 'dgdfgdfg', '2025-06-05', null, 'dfgdfgdfg', 'CASH_ON_DELIVERY', 120.00);
INSERT INTO public.orders (order_id, order_id_uuid, customer_id, order_date, status, delivery_type, delivery_address, delivery_date, pickup_store_id, comment, payment_method, total_amount) VALUES (29, '9089e42a-edb2-4ca0-be99-f3ceedd6685c', 1, '2025-06-04 22:17:45.424546', 'CREATED', 'DELIVERY', 'dgdfgdfg', '2025-06-05', null, '', 'CASH_ON_DELIVERY', 120.00);
INSERT INTO public.orders (order_id, order_id_uuid, customer_id, order_date, status, delivery_type, delivery_address, delivery_date, pickup_store_id, comment, payment_method, total_amount) VALUES (30, '2531339e-ff91-4574-a362-4327f7b14e61', 1, '2025-06-04 22:21:51.564730', 'CREATED', 'DELIVERY', 'dgdfgdfg', '2025-06-05', null, 'ваываыа', 'CASH_ON_DELIVERY', 120.00);
INSERT INTO public.orders (order_id, order_id_uuid, customer_id, order_date, status, delivery_type, delivery_address, delivery_date, pickup_store_id, comment, payment_method, total_amount) VALUES (7, '1dd0eda7-c4d5-4543-b64a-18e18ccc6b19', 1, '2025-05-23 20:53:49.648356', 'OUT_FOR_DELIVERY', 'DELIVERY', 'dgdfgdfg', null, null, '', 'CASH_ON_DELIVERY', 240.00);
INSERT INTO public.orders (order_id, order_id_uuid, customer_id, order_date, status, delivery_type, delivery_address, delivery_date, pickup_store_id, comment, payment_method, total_amount) VALUES (9, '257ac712-9c55-4edb-b1d4-0bf5bd8143bd', 1, '2025-06-02 07:25:28.581413', 'CREATED', 'PICKUP', null, null, 2, null, 'ONLINE_CREDIT_CARD', 78.99);
INSERT INTO public.orders (order_id, order_id_uuid, customer_id, order_date, status, delivery_type, delivery_address, delivery_date, pickup_store_id, comment, payment_method, total_amount) VALUES (31, 'f6e31d74-ab04-48b7-aa2d-2dee6200441b', 1, '2025-06-04 22:25:43.537308', 'READY_FOR_PICKUP', 'DELIVERY', 'dgdfgdfg', '2025-06-06', null, 'dddfgdgdfg', 'CASH_ON_DELIVERY', 180.00);
INSERT INTO public.orders (order_id, order_id_uuid, customer_id, order_date, status, delivery_type, delivery_address, delivery_date, pickup_store_id, comment, payment_method, total_amount) VALUES (32, 'f734a51a-daf3-435a-b32b-088682a782b3', 1, '2025-06-05 15:20:12.790819', 'IN_PROGRESS', 'DELIVERY', 'dgdfgdfg', '2025-06-06', null, 'fgfgfg', 'CARD_ON_DELIVERY', 120.00);
INSERT INTO public.orders (order_id, order_id_uuid, customer_id, order_date, status, delivery_type, delivery_address, delivery_date, pickup_store_id, comment, payment_method, total_amount) VALUES (33, '44ea3db6-e57f-4553-914a-c639a86298e1', 1, '2025-06-05 18:25:17.503436', 'CREATED', 'DELIVERY', 'dgdfgdfg', null, null, '', 'CASH_ON_DELIVERY', 2980.00);
INSERT INTO public.orders (order_id, order_id_uuid, customer_id, order_date, status, delivery_type, delivery_address, delivery_date, pickup_store_id, comment, payment_method, total_amount) VALUES (34, '3da26b40-d23b-4b9e-845a-40e01bb5bf87', 1, '2025-06-05 18:28:14.789161', 'CREATED', 'DELIVERY', 'dgdfgdfg', null, null, '', 'CASH_ON_DELIVERY', 5070.00);
INSERT INTO public.orders (order_id, order_id_uuid, customer_id, order_date, status, delivery_type, delivery_address, delivery_date, pickup_store_id, comment, payment_method, total_amount) VALUES (35, 'c2eccb22-5b86-4a59-8be3-39fee73d8bef', 1, '2025-06-05 18:57:54.210182', 'CREATED', 'DELIVERY', 'dgdfgdfg', null, null, '', 'CASH_ON_DELIVERY', 660.00);

INSERT INTO public.order_details (order_detail_id, order_id, product_id, quantity, unit_price) VALUES (1, 1, 1, 1, 250.00);
INSERT INTO public.order_details (order_detail_id, order_id, product_id, quantity, unit_price) VALUES (2, 1, 2, 2, 500.00);
INSERT INTO public.order_details (order_detail_id, order_id, product_id, quantity, unit_price) VALUES (3, 2, 3, 3, 300.00);
INSERT INTO public.order_details (order_detail_id, order_id, product_id, quantity, unit_price) VALUES (4, 3, 1, 1, 1250.00);
INSERT INTO public.order_details (order_detail_id, order_id, product_id, quantity, unit_price) VALUES (5, 4, 8, 3, 220.00);
INSERT INTO public.order_details (order_detail_id, order_id, product_id, quantity, unit_price) VALUES (6, 5, 6, 2, 1400.00);
INSERT INTO public.order_details (order_detail_id, order_id, product_id, quantity, unit_price) VALUES (7, 6, 1, 2, 1250.00);
INSERT INTO public.order_details (order_detail_id, order_id, product_id, quantity, unit_price) VALUES (8, 6, 10, 3, 1100.00);
INSERT INTO public.order_details (order_detail_id, order_id, product_id, quantity, unit_price) VALUES (9, 7, 2, 2, 120.00);
INSERT INTO public.order_details (order_detail_id, order_id, product_id, quantity, unit_price) VALUES (10, 1, 5, 2, 45.99);
INSERT INTO public.order_details (order_detail_id, order_id, product_id, quantity, unit_price) VALUES (11, 1, 12, 1, 32.50);
INSERT INTO public.order_details (order_detail_id, order_id, product_id, quantity, unit_price) VALUES (12, 1, 7, 3, 23.00);
INSERT INTO public.order_details (order_detail_id, order_id, product_id, quantity, unit_price) VALUES (13, 2, 3, 1, 78.99);
INSERT INTO public.order_details (order_detail_id, order_id, product_id, quantity, unit_price) VALUES (14, 3, 9, 2, 65.99);
INSERT INTO public.order_details (order_detail_id, order_id, product_id, quantity, unit_price) VALUES (15, 3, 14, 1, 83.49);
INSERT INTO public.order_details (order_detail_id, order_id, product_id, quantity, unit_price) VALUES (16, 4, 1, 4, 25.99);
INSERT INTO public.order_details (order_detail_id, order_id, product_id, quantity, unit_price) VALUES (17, 4, 6, 2, 89.99);
INSERT INTO public.order_details (order_detail_id, order_id, product_id, quantity, unit_price) VALUES (18, 4, 11, 1, 56.00);
INSERT INTO public.order_details (order_detail_id, order_id, product_id, quantity, unit_price) VALUES (19, 5, 8, 3, 51.66);
INSERT INTO public.order_details (order_detail_id, order_id, product_id, quantity, unit_price) VALUES (20, 6, 2, 1, 89.99);
INSERT INTO public.order_details (order_detail_id, order_id, product_id, quantity, unit_price) VALUES (21, 6, 10, 2, 56.99);
INSERT INTO public.order_details (order_detail_id, order_id, product_id, quantity, unit_price) VALUES (22, 7, 15, 1, 128.49);
INSERT INTO public.order_details (order_detail_id, order_id, product_id, quantity, unit_price) VALUES (23, 8, 4, 3, 45.99);
INSERT INTO public.order_details (order_detail_id, order_id, product_id, quantity, unit_price) VALUES (24, 8, 13, 2, 67.50);
INSERT INTO public.order_details (order_detail_id, order_id, product_id, quantity, unit_price) VALUES (25, 9, 7, 1, 23.00);
INSERT INTO public.order_details (order_detail_id, order_id, product_id, quantity, unit_price) VALUES (26, 9, 9, 2, 65.99);
INSERT INTO public.order_details (order_detail_id, order_id, product_id, quantity, unit_price) VALUES (27, 9, 12, 1, 32.50);
INSERT INTO public.order_details (order_detail_id, order_id, product_id, quantity, unit_price) VALUES (28, 10, 6, 1, 89.99);
INSERT INTO public.order_details (order_detail_id, order_id, product_id, quantity, unit_price) VALUES (29, 10, 11, 3, 56.00);
INSERT INTO public.order_details (order_detail_id, order_id, product_id, quantity, unit_price) VALUES (30, 10, 14, 1, 83.49);
INSERT INTO public.order_details (order_detail_id, order_id, product_id, quantity, unit_price) VALUES (31, 11, 3, 1, 78.99);
INSERT INTO public.order_details (order_detail_id, order_id, product_id, quantity, unit_price) VALUES (32, 11, 5, 1, 45.99);
INSERT INTO public.order_details (order_detail_id, order_id, product_id, quantity, unit_price) VALUES (33, 12, 10, 2, 56.99);
INSERT INTO public.order_details (order_detail_id, order_id, product_id, quantity, unit_price) VALUES (34, 12, 15, 1, 128.49);
INSERT INTO public.order_details (order_detail_id, order_id, product_id, quantity, unit_price) VALUES (35, 13, 1, 3, 25.99);
INSERT INTO public.order_details (order_detail_id, order_id, product_id, quantity, unit_price) VALUES (36, 13, 8, 2, 51.66);
INSERT INTO public.order_details (order_detail_id, order_id, product_id, quantity, unit_price) VALUES (37, 14, 2, 1, 89.99);
INSERT INTO public.order_details (order_detail_id, order_id, product_id, quantity, unit_price) VALUES (38, 14, 4, 2, 45.99);
INSERT INTO public.order_details (order_detail_id, order_id, product_id, quantity, unit_price) VALUES (39, 14, 7, 3, 23.00);
INSERT INTO public.order_details (order_detail_id, order_id, product_id, quantity, unit_price) VALUES (40, 14, 13, 1, 67.50);
INSERT INTO public.order_details (order_detail_id, order_id, product_id, quantity, unit_price) VALUES (41, 15, 12, 2, 32.50);
INSERT INTO public.order_details (order_detail_id, order_id, product_id, quantity, unit_price) VALUES (42, 15, 14, 1, 83.49);
INSERT INTO public.order_details (order_detail_id, order_id, product_id, quantity, unit_price) VALUES (43, 16, 2, 1, 89.99);
INSERT INTO public.order_details (order_detail_id, order_id, product_id, quantity, unit_price) VALUES (44, 17, 4, 1, 45.99);
INSERT INTO public.order_details (order_detail_id, order_id, product_id, quantity, unit_price) VALUES (45, 17, 6, 1, 89.99);
INSERT INTO public.order_details (order_detail_id, order_id, product_id, quantity, unit_price) VALUES (46, 17, 9, 1, 65.99);
INSERT INTO public.order_details (order_detail_id, order_id, product_id, quantity, unit_price) VALUES (47, 18, 11, 2, 56.00);
INSERT INTO public.order_details (order_detail_id, order_id, product_id, quantity, unit_price) VALUES (48, 18, 5, 1, 45.99);
INSERT INTO public.order_details (order_detail_id, order_id, product_id, quantity, unit_price) VALUES (49, 19, 1, 2, 25.99);
INSERT INTO public.order_details (order_detail_id, order_id, product_id, quantity, unit_price) VALUES (50, 19, 3, 1, 78.99);
INSERT INTO public.order_details (order_detail_id, order_id, product_id, quantity, unit_price) VALUES (51, 20, 8, 4, 51.66);
INSERT INTO public.order_details (order_detail_id, order_id, product_id, quantity, unit_price) VALUES (52, 20, 10, 1, 56.99);
INSERT INTO public.order_details (order_detail_id, order_id, product_id, quantity, unit_price) VALUES (53, 28, 2, 1, 120.00);
INSERT INTO public.order_details (order_detail_id, order_id, product_id, quantity, unit_price) VALUES (54, 29, 2, 1, 120.00);
INSERT INTO public.order_details (order_detail_id, order_id, product_id, quantity, unit_price) VALUES (55, 30, 2, 1, 120.00);
INSERT INTO public.order_details (order_detail_id, order_id, product_id, quantity, unit_price) VALUES (56, 31, 3, 1, 180.00);
INSERT INTO public.order_details (order_detail_id, order_id, product_id, quantity, unit_price) VALUES (57, 32, 2, 1, 120.00);
INSERT INTO public.order_details (order_detail_id, order_id, product_id, quantity, unit_price) VALUES (58, 33, 6, 2, 1400.00);
INSERT INTO public.order_details (order_detail_id, order_id, product_id, quantity, unit_price) VALUES (59, 33, 3, 1, 180.00);
INSERT INTO public.order_details (order_detail_id, order_id, product_id, quantity, unit_price) VALUES (60, 34, 3, 1, 180.00);
INSERT INTO public.order_details (order_detail_id, order_id, product_id, quantity, unit_price) VALUES (61, 34, 13, 1, 90.00);
INSERT INTO public.order_details (order_detail_id, order_id, product_id, quantity, unit_price) VALUES (62, 34, 14, 1, 3200.00);
INSERT INTO public.order_details (order_detail_id, order_id, product_id, quantity, unit_price) VALUES (63, 34, 15, 1, 1600.00);
INSERT INTO public.order_details (order_detail_id, order_id, product_id, quantity, unit_price) VALUES (64, 35, 8, 3, 220.00);

INSERT INTO public.employees (employee_id, first_name, last_name, position, phone, hire_date, login, password, store_id, role) VALUES (1, 'Владимир', 'Зимин', 'Администратор', '+7 (919) 713-51-38', '2025-05-23', 'admin', 'admin', null, 'ADMIN');
